{"cameraMode":{"drawMode":0,"name":"Shaded","section":"Shading Mode"},"sceneLighting":true,"audioPlay":false,"sceneViewState":{"m_AlwaysRefresh":false,"showFog":true,"showSkybox":true,"showFlares":true,"showImageEffects":true,"showParticleSystems":true,"showVisualEffectGraphs":true,"m_FxEnabled":true},"in2DMode":false,"pivot":{"x":-0.9200088977813721,"y":0.04012274742126465,"z":10.100000381469727},"rotation":{"x":0.24691520631313325,"y":-0.31226664781570437,"z":0.08440887182950974,"w":0.9134549498558044},"size":2.219700336456299,"orthographic":true}