{"cameraMode":{"drawMode":0,"name":"Shaded","section":"Shading Mode"},"sceneLighting":true,"audioPlay":false,"sceneViewState":{"m_AlwaysRefresh":false,"showFog":true,"showSkybox":true,"showFlares":true,"showImageEffects":true,"showParticleSystems":true,"showVisualEffectGraphs":true,"m_FxEnabled":true},"in2DMode":false,"pivot":{"x":-77.73949432373047,"y":37.720516204833987,"z":80.68944549560547},"rotation":{"x":-0.17457829415798188,"y":-0.25001680850982668,"z":0.045880600810050967,"w":-0.9512772560119629},"size":198.40879821777345,"orthographic":false}